Network,Gas,Electricity
WERKENDAM,399453,1097771
SLEEUWIJK,209642,498071
"NIEUWENDIJK NB",124138,296671
"WIJK EN AALBURG",218070,587196
VEEN,104867,288856
GENDEREN,66465,179379
EETHEN,31023,103203
DRONGELEN,19449,59362
MEEUWEN,27374,73665
BABYLONIENBROEK,14566,63281
DUSSEN,100554,295674
HANK,134966,362367
ANDEL,93182,253216
GIESSEN,63148,181103
"RIJSWIJK NB",62530,156394
WOUDRICHEM,165915,413371
ALMKERK,142265,390742
WAARDHUIZEN,12894,32768
UITWIJK,13633,41993
"BERGEN OP ZOOM",1636509,4347432
HOOGERHEIDE,358989,877131
WOENSDRECHT,54616,129899
HUIJBERGEN,89169,222138
OSSENDRECHT,219377,512684
PUTTE,183288,386031
"STEENBERGEN NB",422251,1124736
"DE HEEN",25521,96890
HALSTEREN,411452,990426
LEPELSTRAAT,85235,217723
DINTELOORD,189694,497627
NIEUW-VOSSEMEER,87171,224427
ROOSENDAAL,2270904,5608330
NISPEN,53493,116279
"ST. WILLEBRORD",411156,912678
SPRUNDEL,230222,614810
RUCPHEN,183264,547090
SCHIJF,58636,214081
WOUW,189169,458972
"WOUWSE PLANTAGE",49268,223499
HEERLE,81814,204476
MOERSTRATEN,22378,101417
OUDENBOSCH,476547,1143337
ZEGGE,92863,243845
HOEVEN,254492,687536
BOSSCHENHOOFD,104924,279951
"OUD GASTEL",298761,761330
STAMPERSGAT,55732,124430
KRUISLAND,94766,297084
STANDDAARBUITEN,85282,222067
NOORDHOEK,36486,90935
ZEVENBERGEN,503358,1317596
"ZEVENBERGSCHEN HOEK",64191,153416
"ZEVENBERGSCHEN HOEK DRI",3338,12198
LANGEWEG,26362,75514
MOERDIJK,63761,157619
KLUNDERT,220522,547615
FIJNAART,209790,569530
HEIJNINGEN,48271,162131
"OUDEMOLEN NB",9937,42452
"WILLEMSTAD NB",140276,344432
BREDA,3802554,11825999
PRINSENBEEK,421373,1046969
TERHEIJDEN,222103,633763
WAGENBERG,97973,256427
TETERINGEN,242789,577453
DORST,99518,260716
ULVENHOUT,231697,470938
BAVEL,248265,672425
GALDER,41231,129453
STRIJBEEK,14407,54236
"ULVENHOUT AC",26411,85706
CHAAM,175345,501262
ETTEN-LEUR,1230934,3497369
ZUNDERT,342548,808128
"KLEIN ZUNDERT",83938,267900
WERNHOUT,84941,217844
ACHTMAAL,85032,248093
RIJSBERGEN,244130,645625
"OOSTERHOUT NB",1537862,4278949
OOSTEIND,57936,192275
"DEN HOUT NB",46221,131316
MADE,399042,1115497
DRIMMELEN,28217,81643
"LAGE ZWALUWE",155288,372041
"HOOGE ZWALUWE",63326,198381
GEERTRUIDENBERG,174342,526728
RAAMSDONKSVEER,482978,1295352
RAAMSDONK,84055,251522
TILBURG,4068611,13464430
GOIRLE,658145,1771556
BERKEL-ENSCHOT,430542,1054537
"HEUKELOM NB",20427,67769
OISTERWIJK,781619,2215015
MOERGESTEL,247115,649669
UDENHOUT,294625,776671
BIEZENMORTEL,41577,161054
HAAREN,224912,688624
HILVARENBEEK,345937,980076
BIEST-HOUTAKKER,45797,130244
ESBEEK,60945,208603
DIESSEN,136134,406672
HAGHORST,30888,108326
DONGEN,760046,2036541
"'S GRAVENMOER",93020,216509
BAARLE-NASSAU,260894,727181
ULICOTEN,56945,169615
CASTELRE,6687
RIJEN,509406,1409362
MOLENSCHOT,41512,172087
HULTEN,16599,76358
GILZE,275442,798057
"ALPHEN NB",190896,613295
RIEL,115840,306428
WAALWIJK,1140764,3074663
DRUNEN,604339,1527657
ELSHOUT,82428,267249
SPRANG-CAPELLE,363244,938627
WASPIK,183984,487693
KAATSHEUVEL,547451,1439439
"LOON OP ZAND",190330,522296
"DE MOER",32813,99455
'S-HERTOGENBOSCH,3419170,9323463
ROSMALEN,1135213,3020666
VLIJMEN,473626,1223458
NIEUWKUIJK,107953,298030
HAARSTEEG,78160,213747
"HEUSDEN GEM HEUSDEN",213238,575775
"BERLICUM NB",399505,1018486
VUGHT,2104,2218673
HELVOIRT,196586,567652
SINT-MICHIELSGESTEL,455798,1149412
"DEN DUNGEN",172058,394044
BOXTEL,850242,2192058
GEMONDE,93543,257032
ESCH,79009,193120
LIEMPDE,192948,534560
OSS,2011413,5088696
BERGHEM,299414,763523
MEGEN,64499,166067
MACHAREN,36223,95367
"HAREN NB",30316,74965
RAVENSTEIN,223117,554534
HERPEN,124492,328627
VINKEL,91683,286047
HEESCH,440342,1089030
GEFFEN,187079,478887
NULAND,161875,458575
OIJEN,51469,165030
TEEFFELEN,11509,44652
LITHOIJEN,41814,149329
LITH,112478,279667
MAREN-KESSEL,51663,175777
SCHIJNDEL,2958,2194451
VALKENSWAARD,1223638,3107000
WESTERHOVEN,2434,249660
BERGEIJK,436559,1271778
LEENDE,2236,539624
GELDROP,1017562,2617044
GRIENDTSVEEN,22133,53161
MEIJEL,280370,781779
VENRAY,938765,2455316
"OOSTRUM LB",76152,209804
OIRLO,53254,157875
LEUNEN,106941,382026
CASTENRAY,32950,109457
HEIDE,24387,93576
"YSSELSTEYN LB",135095,581168
VEULEN,24080,159117
MERSELO,31653,111063
VREDEPEEL,3261,65194
SMAKT,8322,87621
"AFFERDEN LB",87819,223690
SIEBENGEWALD,71424,310059
"BERGEN LB",208009,524260
"WELL LB",111073,297789
WELLERLOOI,51813,167017
WANSSUM,87822,207426
GEIJSTEREN,18812,55608
BLITTERSWIJCK,50152,133543
MEERLO,76816,212914
TIENRAY,50771,125402
SWOLGEN,55974,157503
BROEKHUIZENVORST,47861,118262
"BROEKHUIZEN LB",37924,83571
VENLO,2329118,5930874
TEGELEN,509775,1197046
STEYL,139153,272442
VELDEN,211746,503198
LOMM,42369,102861
ARCEN,128611,296154
BELFELD,173147,464772
REUVER,364856,855481
BEESEL,97618,223141
HORST,484207,1356997
MELDERSLO,75734,219483
HEGELSOM,75837,185118
METERIK,68502,188642
AMERICA,80749,302058
GRUBBENVORST,195512,471882
LOTTUM,105371,255609
SEVENUM,265982,766081
KRONENBERG,48993,137550
EVERTSOORD,15135,66667
PANNINGEN,326612,882087
KONINGSLUST,41497,124964
GRASHOEK,60641,210628
BERINGE,87600,304673
EGCHEL,35816,116694
HELDEN,231612,600107
"BAARLO LB",244046,654617
MAASBREE,238190,623753
"KESSEL LB",201131,576181
WEERT,1268,11152
ELL,50460,202258
HALER,21673,73386
HUNSEL,57196,142151
ITTERVOORT,104177,252266
NEERITTER,59071,141716
THORN,128724,272593
WESSEM,110384,255009
NEDERWEERT,352403,1046395
NEDERWEERT-EIND,58543,184651
OSPEL,159649,550235
KELPEN-OLER,47699,166360
STRAMPROY,195693,469892
ROERMOND,1483821,3894488
HERTEN,216582,532608
MAASBRACHT,301287,717442
POSTERHOLT,162613,361627
VLODROP,123572,275928
MONTFORT,140010,311495
LINNE,173957,379735
SWALMEN,334738,810180
MELICK,156910,335406
HERKENBOSCH,178766,379770
"SINT ODILIENBERG",141465,316213
HAELEN,186881,439813
BUGGENUM,37039,102630
NUNHEM,31266,79812
HORN,159167,362745
NEER,138668,393866
ROGGEL,184697,511942
HEIBLOEM,28461,97820
LEVEROY,44512,137849
HEYTHUYSEN,247066,714666
BAEXEM,103495,290549
GRATHEM,60031,177698
HEEL,192512,440282
BEEGDEN,70402,173918
ECHT,620699,1516106
KONINGSBOSCH,75108,193729
"MARIA HOOP",44498,138172
STEVENSWEERT,74031,159341
"OHE EN LAAK",42570,93951
"SINT JOOST",50462,111549
SUSTEREN,319647,729250
ROOSTEREN,74639,181291
NIEUWSTADT,125750,288421
BORN,197837,518140
BUCHTEN,88714,182830
HOLTUM,59064,113250
PAPENHOVEN,43012,85795
OBBICHT,76965,163501
GREVENBICHT,103698,200931
URMOND,208825,505713
SITTARD,1471190,3795365
LIMBRICHT,116756,241325
EINIGHAUSEN,57998,128594
GUTTECOVEN,56010,118340
MUNSTERGELEEN,210232,438397
WINDRAAK,7615,35093
PUTH,81873,170855
GELEEN,1223610,3069623
"STEIN LB",456339,1035379
SWEIKHUIZEN,36143,67454
SPAUBEEK,134416,296760
"ELSLOO LB",355082,789795
"BEEK LB",503779,1166068
MAASTRICHT-AIRPORT,11854,15999
MAASTRICHT,3996538,9540334
MEERSSEN,314089,729564
ULESTRATEN,144696,313536
MOORVELD,19365,39244
BUNDE,229777,499676
GEULLE,116614,235405
EIJSDEN,337748,761473
GRONSVELD,147927,325880
ECKELRADE,25659,50399
NOORBEEK,70158,164881
MHEER,46919,83102
BANHOLT,42752,86765
"SINT GEERTRUID",62839,142450
"CADIER EN KEER",183337,334473
BEMELEN,24335,54460
MARGRATEN,177622,390051
GULPEN,152438,406030
INGBER,9766,30803
REIJMERSTOK,28674,88544
HEIJENRATH,3877,37545
SLENAKEN,23485,60084
BEUTENAKEN,3447,4291
MECHELEN,101087,219567
EPEN,57655,156502
WITTEM,85912,186762
EYS,85678,170624
ELKENRADE,2790,3950
VAALS,266565,575442
VIJLEN,65557,176802
LEMIERS,46845,85315
"VALKENBURG LB",543900,1244828
"SCHIN OP GEUL",67997,130548
SCHEULDER,9452,20344
RANSDAAL,42340,89420
WIJLRE,99021,206178
"BERG EN TERBLIJT",199363,429073
SCHIMMERT,152055,371996
HULSBERG,187842,393633
WALEM,4731,10812
KLIMMEN,153014,323725
BOCHOLTZ,205521,434008
NUTH,263875,630933
WIJNANDSRADE,81157,185852
SCHINNEN,104866,241694
VOERENDAAL,340774,754702
SIMPELVELD,250715,541203
LANDGRAAF,1372198,3111180
HEERLEN,2440673,5946947
HOENSBROEK,698060,1694788
AMSTENRADE,117762,259674
OIRSBEEK,163524,350499
DOENRADE,41529,81330
BRUNSSUM,1026222,2472343
MERKELBEEK,78349,165421
SCHINVELD,208513,435905
JABEEK,30597,60538
BINGELRADE,32813,60579
KERKRADE,1528332,3534988
EYGELSHOVEN,222246,487986
"MOLENHOEK LB",144376,319419
MOOK,138593,324652
PLASMOLEN,20693,58001
MIDDELAAR,30760,67640
GENNEP,326246,822968
OTTERSUM,73338,210440
VEN-ZELDERHEIDE,31827,111831
MILSBEEK,117623,262124
HEIJEN,88320,248387
RIETMOLEN,38516
DEVENTER,2667374,6683916
COLMSCHATE,39464,117925
DIEPENVEEN,192917,405109
SCHALKHAAR,210694,482835
LETTELE,58666,168327
OKKENBROEK,22483,63795
BATHMEN,257833,640427
STEENENKAMER,9609
NIJVERDAL,956039,2221186
HELLENDOORN,275813,651410
"HAARLE GEM HELLENDOORN",96300,360108
HOLTEN,462924,1139617
RIJSSEN,1039095,2394453
ZUNA,4448,44707
HAAKSBERGEN,934123,2545355
ENSCHEDE,4879716,12770088
"HENGELO OV",2477668,7458835
LOSSER,579114,1289415
GLANE,20276,55656
OVERDINKEL,177776,411443
"DE LUTTE",144402,393745
"BEUNINGEN OV",28700,91613
VROOMSHOOP,2061,920682
BEERZERVELD,44313,115308
DAARLERVEEN,59389,112592
DAARLE,68934,222839
NIEUWLEUSEN,371767,877515
PUNTHORST,5493,123328
DALFSEN,606175,1608819
OMMEN,484268,1114780
VILSTEREN,12999,35153
ARRIEN,19094,61395
BEERZE,11966,25085
STEGEREN,15760,56077
WITHAREN,39343,101523
VINKENBUURT,22865,92207
SCHOONEBEEK,205279,454137
ZANDPOL,20994,44664
WEITEVEEN,67007,150559
NIEUW-SCHOONEBEEK,62012,143568
EMMEN,2256465,5164827
NIEUW-WEERDINGE,165496,354761
NIEUW-AMSTERDAM,207164,464052
SLEEN,122017,220187
DIPHOORN,3768,7900
ERM,30161,61661
VEENOORD,103058,211482
HOLSLOOT,7506,34524
NOORD-SLEEN,35003,119246
"'T HAANTJE",8494,15343
SCHOONOORD,103796,202996
"DE KIEL",18956,41084
ZWEELOO,26464,71524
WEZUP,9838,36760
WEZUPERBRUG,7218,25978
AALDEN,72812,139565
MEPPEN,19823,40781
BENNEVELD,2578,7875
EESERVEEN,12542,38717
KLIJNDIJK,31895,56389
VALTHE,64973,118344
ODOORN,94769,167516
ODOORNERVEEN,20410,55268
EXLOO,83064,178179
VALTHERMOND,181515,364373
"2E VALTHERMOND",9013,22459
EMMER-COMPASCUUM,367189,795585
BARGER-COMPASCUUM,84613,167740
NIEUW-DORDRECHT,78743,186811
ERICA,234560,501112
KLAZIENAVEEN-NOORD,9660,22888
KLAZIENAVEEN,491740,1088834
ZWARTEMEER,133253,259187
ROSWINKEL,46548,98194
NIEUWEROORD,5971,80130
TIENDEVEEN,14131,87700
NIEUW-BALINGE,32744,80878
ROUVEEN,2505,335638
ZWOLLE,3961061,10035998
"LAAG ZUTHEM",21156,73722
HASSELT,266708,656625
"NOORDEINDE GLD",8972
"OOSTERWOLDE GLD",9831
RAALTE,760704,1813396
LUTTENBERG,104284,267413
MARIENHEEM,71842,245981
"BROEKLAND OV",43844,144307
HEETEN,138618,423149
"NIEUW HEETEN",41004,137941
OLST,308268,751531
WESEPE,62500,141730
WIJHE,300195,791951
HEINO,319491,738416
LIERDERHOLTHUIS,21635,58871
DALMSHOLTE,9977,48575
GIETHMEN,6395,24046
LEMELE,52378,144917
LEMELERVELD,185921,518867
WELSUM,28774,89385
MARLE,4880
KAMPEN,1288326,3067167
KAMPERVEEN,39883,130095
IJSSELMUIDEN,360863,914100
WILSUM,30996,80926
'S-HEERENBROEK,17721,46230
ZALK,25485,79448
GRAFHORST,28719,54767
GENEMUIDEN,385799,946466
MASTENBROEK,10537,101446
VOLLENHOVE,156273,386158
"SINT JANSKLOOSTER",97590,233279
SURHUIZUM,1830,5823
RODEN,719612,1362888
LIEVEREN,12255,24356
RODERESCH,15229,35174
"ALTEVEER GEM NOORDENVELD",10061,12769
"STEENBERGEN DR",15896,41284
NIEUW-RODEN,72856,151021
NIETAP,55756,93654
LEUTINGEWOLDE,5444,18990
FOXWOLDE,13761,26348
RODERWOLDE,18383,41387
PEIZE,274577,558174
NORG,171344,316469
"LANGELO DR",12666,25769
PEEST,6907,15110
ZUIDVELDE,15876,79556
"HUIS TER HEIDE DR",5581,15467
WESTERVELDE,9879,30196
VEENHUIZEN,59150,113001
EEN,42707,96228
EEN-WEST,11585,59011
LEEK,503729,1026733
"ZEVENHUIZEN GN",158439,308543
MIDWOLDE,26122,63338
TOLBERT,197729,414566
BOERAKKER,19808,42439
MARUM,270948,551272
NUIS,49058,91594
NIEBERT,47486,95765
JONKERSVAART,13318,34353
"DE WILP GN",86678,170339
ASSEN,2523382,5399613
LOON,14427,28411
BEILEN,516764,1234741
HOOGHALEN,78334,191082
HIJKEN,36325,107264
ORANJE,7536,31015
SPIER,13657,52893
WIJSTER,68196,212417
DRIJBER,19532,80795
BOVENSMILDE,145282,291157
SMILDE,244649,591215
HOOGERSMILDE,63188,165371
WESTERBORK,252997,532325
ZUIDVELD,5102,11947
ZWIGGELTE,33585,84672
EURSINGE,3887,43470
MANTINGE,19517,63614
BALINGE,1898,4785
GARMINGE,5775,14075
WITTEVEEN,36613,113807
ORVELTE,20995,50730
ELP,15174,35577
SCHOONLOO,22513,69594
GROLLOO,48342,107791
VREDENHEIM,3165,11065
PAPENVOORT,6443,21197
NOOITGEDACHT,14112,41613
ROLDE,200319,376419
NIJLANDE,2454,5374
ELDERSLOO,3578,10452
EKEHAAR,10958,30432
GEELBROEK,3556,10386
DEURZE,3082,5912
BALLOO,11234,24241
GIETEN,263598,528562
GASSELTE,92303,183901
EEXT,84708,157845
EEXTERZANDVOORT,6997,17411
ANDEREN,17355,33950
GASTEREN,31318,54903
ANLOO,24864,57552
ANNEN,170140,371575
SCHIPBORG,32812,55421
ZUIDLAREN,495152,954835
"DE GROEVE",19344,34275
ZUIDLAARDERVEEN,13715,34587
MIDLAREN,19610,30091
NOORDLAREN,37499,73528
VRIES,224969,382109
TYNAARLO,102543,225459
ZEEGSE,24554,54170
"OUDEMOLEN DR",3403,7562
TAARLO,11013,20783
"TER AARD",5507,17392
ZEIJERVELD,7045,20761
ZEIJEN,34642,72172
UBBENA,6540,26899
"DE PUNT",8974,17791
YDE,43543,79747
WINDE,3070,7260
BUNNE,6438,26305
DONDEREN,27396,58167
STADSKANAAL,802950,1724878
GIETERVEEN,45027,84068
NIEUWEDIEP,19572,42644
GASSELTERNIJVEEN,96941,187189
GASSELTERNIJVEENSCHEMOND,32429,80162
NIEUW-BUINEN,198100,431282
DROUWENERMOND,30808,50928
BUINERVEEN,12051,23351
DROUWENERVEEN,16769,37848
BRONNEGERVEEN,2726,6836
BRONNEGER,2882,6358
BUINEN,53081,112599
BORGER,260140,535130
DROUWEN,24301,52750
WESTDORP,12048,37346
EES,22805,36645
EESERGROEN,9941,26294
VLAGTWEDDE,174929,379414
BOURTANGE,41716,85753
SELLINGEN,130433,291152
"TER APEL",393922,826152
"TER APELKANAAL",56167,103446
"ZANDBERG DR",9622,28653
VEELERVEEN,24328,52010
"2E EXLOERMOND",123323,255890
"1E EXLOERMOND",15193,43890
EXLOERVEEN,9188,25398
MUSSELKANAAL,342317,652022
MUSSEL,50266,103480
"VLEDDERVEEN GN",15821,31472
ONSTWEDDE,122225,279645
HOOGEZAND,731284,1576769
KIEL-WINDEWEER,42252,103895
KROPSWOLDE,75143,154481
FOXHOL,48239,94645
WESTERBROEK,50891,86929
SAPPEMEER,310950,620068
KOLHAM,62067,126215
SCHARMER,25867,57696
HARKSTEDE,109247,212162
WOUDBLOEM,6346,14884
FROOMBOSCH,29846,68227
SLOCHTEREN,109338,197252
LAGELAND,4720,17190
LUDDEWEER,3234,12317
OVERSCHILD,24542,68455
SCHILDWOLDE,72614,164049
HELLUM,33256,66380
SIDDEBUREN,145005,294099
STEENDAM,11339,30526
BORGERCOMPAGNIE,27864,60841
TRIPSCOMPAGNIE,10692,19955
NOORDBROEK,93209,173923
ZUIDBROEK,169917,391469
VEENDAM,1039461,1955985
WILDERVANK,285104,534194
MUNTENDAM,207588,401761
MEEDEN,82713,154477
ANNERVEENSCHEKANAAL,13270,27571
"OUD ANNERVEEN",8045,17032
"SPIJKERBOOR DR",8605,18346
"NIEUW ANNERVEEN",7471,13460
EEXTERVEEN,21191,39727
EEXTERVEENSCHEKANAAL,15523,27021
"ALTEVEER GN",56374,121142
"NIEUWE PEKELA",233969,436015
"OUDE PEKELA",369766,741590
WINSCHOTEN,872795,1900174
HEILIGERLEE,52738,94874
"WESTERLEE GN",68594,134420
SCHEEMDA,226615,439775
MIDWOLDA,93423,184205
"OOSTWOLD GEM OLDAMBT",65050,123391
"OOSTWOLD SCHEEMDA",2030,3547
FINSTERWOLDE,129712,288684
BLAUWESTAD,16076,52187
BEERTA,107109,203190
"NIEUW BEERTA",15786,53150
DRIEBORG,15892,39478
OUDEZIJL,3708,5500
"BAD NIEUWESCHANS",83287,132787
BELLINGWOLDE,170393,324260
OUDESCHANS,10721,30612
BLIJHAM,137129,248284
WEDDE,71001,163558
VRIESCHELOO,60289,118156
GRONINGEN,6910605,15298791
MATSLOOT,7501,11018
"HAREN GN",962403,1695126
ONNEN,36742,62395
GLIMMEN,92700,153064
EELDE,287091,539089
PATERSWOLDE,243879,417482
EELDERWOLDE,55290,126844
SAUWERD,46717,83064
WETSINGE,4795,10594
ADORP,24168,52880
BEDUM,401436,830984
"NOORDWOLDE GN",14542,33121
"ZUIDWOLDE GN",73651,126320
"TEN BOER",177517,372255
"TEN POST",46630,97500
WINNEWEER,4934,17176
LELLENS,4541,9006
WOLTERSUM,20891,41698
"SINT ANNEN",2170,3727
THESINGE,26552,57854
GARMERWOLDE,26480,45610
ZUIDHORN,299311,592648
NOORDHORN,76505,151211
BRILTIL,15158,53187
ENUMATIL,13428,32372
OLDEKERK,57939,159048
"NIEKERK GROOTEGAST",80456,157912
"NOORDWIJK GN",29065,66222
LUCASWOLDE,4792,24122
LETTELBERT,4978,10217
"OOSTWOLD GEM LEEK",33941,70328
ADUARD,93798,205216
"DEN HORN",20993,70776
"DEN HAM GN",19682,47595
NIEZIJL,24117,46573
GRIJPSKERK,140441,295670
PIETERZIJL,11035,30130
VISVLIET,17473,38427
GROOTEGAST,142101,293828
SEBALDEBUREN,29496,72713
DOEZUM,59773,133979
KORNHORN,34054,72732
OPENDE,115630,255375
LUTJEGAST,49409,111962
KOMMERZIJL,21975,48355
OLDEHOVE,70268,162351
NIEHOVE,10410,31677
LAUWERZIJL,5868,12717
SAAKSUM,10068,20162
EZINGE,47572,105863
FEERWERD,20224,45874
GARNWERD,28824,76851
APPINGEDAM,526193,994539
KREWERD,7953,19788
HOLWIERDE,63383,126955
BIERUM,29057,47305
LOSDORP,11645,22562
GODLINZE,18262,43331
"SPIJK GN",75981,139291
OOSTERWIJTWERD,14255,23250
LEERMENS,13996,39613
ZEERIJP,19751,55798
"'T ZANDT GN",39882,67540
"WIRDUM GN",32254,71463
GARRELSWEER,29569,63238
LOPPERSUM,122988,229292
STEDUM,63363,117938
WESTEREMDEN,26163,50023
GARSTHUIZEN,8723,35702
"STARTENHUIZEN LOPP",2998,7935
DELFZIJL,681420,1370567
FARMSUM,110839,216188
MEEDHUIZEN,38780,111386
TJUCHEM,19401,42198
"'T WAAR",6755,11386
"NIEUW SCHEEMDA",17681,35200
NIEUWOLDA,71606,159926
WAGENBORGEN,89903,167152
WOLDENDORP,58783,123001
TERMUNTEN,19841,41748
TERMUNTERZIJL,25762,46198
BORGSWEER,7818,13382
"WINSUM GN",288400,607893
BAFLO,83401,147972
TINALLINGE,7298,14580
RASQUERT,11072,19298
"DEN ANDEL",22857,48267
SAAXUMHUIZEN,2720,8447
ONDERDENDAM,36925,69067
MENSINGEWEER,5663,15794
SCHOUWERZIJL,6108,10063
WARFHUIZEN,13661,24225
"WEHE-DEN HOORN",41613,72953
LEENS,82492,177786
ZUURDIJK,11592,35266
EENRUM,71353,124035
PIETERBUREN,26147,63665
WESTERNIELAND,14683,33471
ULRUM,69537,128392
"NIEKERK DE MARNE",2695,5251
HOUWERZIJL,5408,9820
ZOUTKAMP,57774,117994
VIERHUIZEN,6600,11495
LAUWERSOOG,24248,70781
KLOOSTERBUREN,64664,151351
HORNHUIZEN,7878,23006
UITHUIZEN,256206,524511
UITHUIZERMEEDEN,153974,305340
ROODESCHOOL,62311,118424
OUDESCHIP,12486,27341
OOSTERNIELAND,4699,11717
ZIJLDIJK,16687,33195
USQUERT,83663,146350
WARFFUM,112095,215528
MIDDELSTUM,113331,214616
HUIZINGE,6729,31360
WESTERWIJTWERD,7809,20050
TOORNWERD,2359,9112
KANTENS,29959,61288
EPPENHUIZEN,2048,9966
ZANDEWEER,35469,72200
"ROTTUM GN",6246,13180
STITSWERD,5248,13522
"SINT PHILIPSLAND",5662
"OOST WEST EN MIDDELBEERS",719910
"LAGE MIERDE",179561
"HOOGE MIERDE",198443
HULSEL,65216
UDEN,3428797
CROMVOIRT,94460
GRAVE,725088
"VELP NB",110148
ESCHAREN,89426
SCHAIJK,751439
REEK,156267
NISTELRODE,742999
VOLKEL,416685
ODILIAPEEL,286358
ZEELAND,733999
GEMERT,1485029
HANDEL,193477
ELSENDORP,174332
"DE MORTEL",190217
BOEKEL,1046599
VENHORST,289398
CUIJK,1417328
"KATWIJK NB",48168
"VIANEN NB",119402
"SINT AGATHA",46434
"BEERS NB",207675
GASSEL,141581
LINDEN,24888
OEFFELT,245472
HAPS,310035
LANDHORST,98753
WANROIJ,500237
RIJKEVOORT,179875
"RIJKEVOORT-DE WALSERT",17542
MILL,664222
LANGENBOOM,193930
"SINT HUBERT",165103
WILBERTOORD,126273
VEGHEL,2908703
ERP,930660
LOOSBROEK,152447
HEESWIJK-DINTHER,904455
VORSTENBOSCH,174145
SINT-OEDENRODE,2095820
VELDHOVEN,4099894
KNEGSEL,146060
VESSEM,295555
WINTELRE,239712
EERSEL,1161090
STEENSEL,145360
DUIZEL,157785
HAPERT,562282
HOOGELOON,314250
CASTEREN,113867
BLADEL,1143364
NETERSEL,101665
REUSEL,904832
RIETHOVEN,225908
LUYKSGESTEL,219093
WAALRE,1681888
HEEZE,926293
EINDHOVEN,74719
NUENEN,2340205
BEST,2699983
OIRSCHOT,1162196
"SON EN BREUGEL",1606592
HELMOND,7161711
SOMEREN,1884789
LIEROP,250638
ASTEN,1487232
OMMEL,116186
"HEUSDEN GEM ASTEN",373532
MIERLO,1006170
AARLE-RIXTEL,577163
LIESHOUT,465114
MARIAHOUT,328456
"BEEK EN DONK",915565
LEDEACKER,97340
DEURNE,2795044
VLIERDEN,155455
LIESSEL,367602
NEERKANT,220508
HELENAVEEN,144645
BAKEL,656678
MILHEEZE,328105
"DE RIPS",164006
VIERLINGSBEEK,294170
MAASHEES,104271
HOLTHEES,50262
OVERLOON,450304
GROENINGEN,69503
VORTUM-MULLEM,73033
BOXMEER,1170401
BEUGEN,217750
SAMBEEK,213372
OPLOO,225438
WESTERBEEK,119723
STEVENSBEEK,103222
"SINT ANTHONIS",513796
BUDEL,1011154
BUDEL-SCHOOT,195278
BUDEL-DORPLEIN,139381
MAARHEEZE,558074
SOERENDONK,190254
GASTEL,94654
STERKSEL,198392
MARIAHOOP,4664
NOTTER,67244
ENTER,854001
GOOR,42120
MARKELO,1055495
DIEPENHEIM,330734
DELDEN,812233
HENGEVELDE,298295
"AMBT DELDEN",323559
BENTELO,276794
HENGELO,3536
Hengelo,3251
DEURNINGEN,244531
OLDENZAAL,143004
DENEKAMP,1029880
WEERSELO,390308
"ROSSUM OV",233167
SAASVELD,196554
ALMELO,66338
AADORP,120950
MARIAPAROCHIE,26208
HARBRINKHOEK,134026
BORNE,1828205
ZENDEREN,154333
HERTME,47480
BORNERBROEK,247142
OOTMARSUM,608085
TILLIGTE,91129
LATTROP-BREKLENKAMP,192180
AGELO,38414
"OUD OOTMARSUM",45198
WIERDEN,1526833
"HOGE HEXEL",127807
TUBBERGEN,609562
VASSE,121801
HEZINGEN,13685
MANDER,57478
MANDERVEEN,85281
ALBERGEN,410464
FLERINGEN,136222
REUTUM,181906
"HAARLE GEM TUBBERGEN",28590
VRIEZENVEEN,1337621
BRUINEHAAR,33852
"WESTERHAAR-VRIEZENV WIJK",407772
"GEESTEREN OV",496630
LANGEVEEN,167904
"DEN HAM OV",632719
GEERDIJK,49603
BERGENTHEIM,288373
MARIENBERG,87739
SIBCULO,176778
KLOOSTERHAAR,169467
BRUCHTERVELD,130542
BRUCHT,30074
DEDEMSVAART,1288161
DROGTEROPSLAGEN,51164
BALKBRUG,463746
COEVORDEN,1586667
DALEN,457076
DALERPEEL,58372
WACHTUM,58690
DALERVEEN,44128
STIELTJESKANAAL,43982
HARDENBERG,1780008
LUTTEN,244463
SLAGHAREN,373545
SCHUINESLOOT,144586
LOOZEN,25632
HOLTHONE,10385
"DE KRIM",280927
GRAMSBERGEN,274747
ANE,57861
ANEVELDE,20132
"DEN VELDE",34427
HOLTHEME,33295
ANERVEEN,8550
RADEWIJK,99388
VENEBRUGGE,9758
HOOGENWEG,36496
RHEEZE,58877
DIFFELEN,16560
HEEMSERVEEN,26233
RHEEZERVEEN,59358
COLLENDOORN,42315
OOSTERHESSELEN,201700
GEES,60467
ZWINDEREN,74957
HOOGEVEEN,169323
NOORDSCHESCHUT,16187
NIEUWLANDE,117144
GEESBRUG,166020
"ZUIDWOLDE DR",762717
VEENINGEN,116546
"LINDE DR",113590
ZUIDWOLDE,4589
KERKENVELD,117828
"ALTEVEER GEM DE WOLDEN",70821
STUIFZAND,92037
FLUITENBERG,67147
"ECHTEN DR",44232
PESSE,162225
"EURSINGE GEM DE WOLDEN",5466
MEPPEL,2743457
WANNEPERVEEN,230959
NIJEVEEN,396563
ROGAT,21571
STAPHORST,1024785
IJHORST,161152
"DE WIJK",307358
KOEKANGE,332836
RUINERWOLD,497871
RUINEN,426961
ANSEN,51066
"BROEKHUIZEN DR",23514
"DE SCHIPHORST",32026
HAVELTE,368300
DARP,57465
HAVELTERBERG,16202
UFFELTE,142470
DIEVER,253572
WAPSE,99600
DIEVERBRUG,53542
WITTELTE,58076
DWINGELOO,566704
ZWARTSLUIS,476995
BELT-SCHUTSLOOT,67503
STEENWIJK,36793
"WITTE PAARDEN",33466
"DE POL",21397
WILLEMSOORD,92769
MARIJENKAMPEN,25613
STEENWIJKERWOLD,171969
BASSE,9709
ZUIDVEEN,10804
ONNA,35231
KALLENKOTE,34371
"DE BULT",25598
EESVEEN,72672
WAPSERVEEN,138148
GIETHOORN,400378
BLOKZIJL,179930
IJSSELHAM,29148
NEDERLAND,6827
WETERING,28470
SCHEERWOLDE,74551
OLDEMARKT,244851
OSSENZIJL,72865
KALENBERG,30264
PAASLOO,57562
VLEDDER,173769
FREDERIKSOORD,37657
NIJENSLEEK,68041
WILHELMINAOORD,77875
"VLEDDERVEEN DR",29354
DOLDERSUM,19772
STEGGERDA,4618
"DE BLESSE",3566
BLESDIJKE,6221
ZORGVLIED,29482
WATEREN,21126
"OUDE WILLEM",15590
DRACHTSTERCOMPAGNIE,4790
SURHUISTERVEEN,8814
BAKKEVEEN,4968
AMEN,11411
MARWIJKSOORD,15067
MEERSTAD,29924
OLDENZIJL,5749
